mins,teacher,title,url
9,Dylan Werner,SHOULDER & WRIST MOBILITY,https://www.alomoves.com/series/shoulder-wrist-mobility/workouts/9698
9,Jacy Cunningham,BOOTY WORK,https://www.alomoves.com/series/booty-work/workouts/12013
11,Tawny Janae,10-MINUTE HAMSTRING FLOW,https://www.alomoves.com/series/alo-in-the-wild-tahoe/workouts/12596
12,Adrienne Rabena,DAY 7: HIP UNRAVEL,https://www.alomoves.com/series/ultimate-barre-burn/workouts/11626
16,Tawny Janae,15-MINUTE LOWER BACK SLOW FLOW,https://www.alomoves.com/series/alo-in-the-wild-red-rocks/workouts/12573
15,Hiro Landazuri,SMARTER HIPS,https://www.alomoves.com/series/smarter-hips/workouts/10525
15,Hannah Haller,WRIST HEALTH,https://www.alomoves.com/series/wrist-health/workouts/10606
16,Josh Kramer,ALIGN SUN SALUTATIONS - FLOATING FORWARD,https://www.alomoves.com/series/transformative-alignment/workouts/8647
14,Talia Sutra,SACRED ANGER,https://www.alomoves.com/series/sacred-anger/workouts/11523
16,Caley Alyssa,YOGA ACTION: PUSH AND PULL,https://www.alomoves.com/series/yoga-action-push-and-pull/workouts/11801
21,Patrick Beach,RELEASE HIP TENSION,https://www.alomoves.com/series/yoga-for-beginners/workouts/11457
20,Meghan Currie,HONEYED HIPS,https://www.alomoves.com/series/marinate/workouts/6933
22,Naya Rappaport,UNBOUND HIPS,https://www.alomoves.com/series/unbound-hips/workouts/10946
19,Hannah Haller,SHOULDER THERAPY,https://www.alomoves.com/series/shoulder-therapy/workouts/10343
18,Patrick Beach,SIMPLE SEATED STRETCHES,https://www.alomoves.com/series/yoga-for-beginners/workouts/11458
31,Jonah Kest,VINYASA BURN,https://www.alomoves.com/series/vinyasa-burn/workouts/9680
32,Dylan Werner,HIP OPENERS FOR BEGINNERS,https://www.alomoves.com/series/beginner-flexibility/workouts/10856
30,Dylan Werner,BACK/SHOULDER FLEXIBILITY FOR BEGINNERS,https://www.alomoves.com/series/beginner-flexibility/workouts/10854
31,Hiro Landazuri,SMARTER SHOULDERS,https://www.alomoves.com/series/smarter-shoulders/workouts/10864
0,Naya Rappaport,YOGA BLOCK PLAY,https://www.alomoves.com/series/yoga-block-play/workouts/12245
37,Laruga Glaser,DAY 13: PRACTICE,https://www.alomoves.com/series/ashtanga-step-by-step/workouts/11127
41,Mark Robberds,ASHTANGA SEQUENCE BREAKDOWN 1,https://www.alomoves.com/series/ashtanga-yoga-deepening/workouts/8560
41,Mark Robberds,ASHTANGA SEQUENCE BREAKDOWN 2,https://www.alomoves.com/series/ashtanga-yoga-deepening/workouts/8559
39,Patrick Beach,DAY 2: THE SLIDE,https://www.alomoves.com/series/full-body-strength/workouts/9187
46,Kayla Nielsen,GRASSHOPPER FLOW,https://www.alomoves.com/series/grasshopper-flow/workouts/11570
42,Andrew Sealy,INVERTED FLOW,https://www.alomoves.com/series/inverted-flow/workouts/9817
47,Patrick Beach,FOREARM BALANCE FLOW,https://www.alomoves.com/series/forearm-balance-flow/workouts/9421
50,Jared McCann,GRACE IN ACTION,https://www.alomoves.com/series/grace-in-action/workouts/9079
51,Laruga Glaser,DAY 20: PRACTICE,https://www.alomoves.com/series/ashtanga-step-by-step/workouts/11128
48,Eleonora Zampatti,SOULFUL YIN FLOW,https://www.alomoves.com/series/beyond-flexibility/workouts/11450
56,Josh Kramer,YIN FOR RECOVERY,https://www.alomoves.com/series/yin-for-recovery/workouts/9823
59,Dylan Werner,FLYING VINYASA,https://www.alomoves.com/series/flying-vinyasa/workouts/9377
63,Laruga Glaser,ASHTANGA HALF PRIMARY,https://www.alomoves.com/series/ashtanga-primary-series/workouts/10769
61,Dylan Werner,SPACE,https://www.alomoves.com/series/elements-of-life/workouts/7879
63,Dylan Werner,EARTH,https://www.alomoves.com/series/elements-of-life/workouts/7877
63,Ashley Galvin,YIN: HIPS AND HAMSTRINGS,https://www.alomoves.com/series/yin-hips-hamstrings/workouts/12623
62,Josh Kramer,YIN FOR THE HIPS,https://www.alomoves.com/series/yin-for-the-hips/workouts/8959
77,Dylan Werner,ENTER THE DRAGON FLOW,https://www.alomoves.com/series/enter-the-dragon-flow/workouts/7063
94,Dylan Werner,WATER,https://www.alomoves.com/series/elements-of-life/workouts/7881
88,Deepika Mehta,CLASS 11: FULL MODIFIED SERIES,https://www.alomoves.com/series/beginner-ashtanga/workouts/8514
28,Caley Alyssa,DUALITY,https://www.alomoves.com/series/duality/workouts/9858
33,Eleonora Zampatti,TWIST AND RELEASE,https://www.alomoves.com/series/twist-and-release/workouts/10950
49,Talia Sutra,SPACIOUS,https://www.alomoves.com/series/spacious/workouts/9813
33,Patrick Beach,POWER WITHIN,https://www.alomoves.com/series/yoga-for-life/workouts/6345
94,Dylan Werner,FULL CIRCLE VINYASA,https://www.alomoves.com/series/full-circle-vinyasa/workouts/7061
60,Naya Rappaport,POWER FLOW,https://www.alomoves.com/series/power-flow/workouts/11385
44,Eleonora Zampatti,RELEASE YOUR HIPS,https://www.alomoves.com/series/mind-body-soul-flows/workouts/12707
20,Calvin Corzine,MORNING STRETCH FLOW,https://www.alomoves.com/series/morning-stretch-flow/workouts/12697
6,Tawny Janae,5-MINUTE ABS ON FIRE,https://www.alomoves.com/series/alo-in-the-wild-tulum/workouts/12780
16,Eleonora Zampatti,SOOTHING STRETCH,https://www.alomoves.com/series/soothing-stretch/workouts/12628
11,Adrienne Rabena,BOOTY BURNOUT,https://www.alomoves.com/series/booty-burnout/workouts/12490
10,Calvin Corzine,DAY 1: IGNITE YOUR CORE,https://www.alomoves.com/series/max-core-challenge/workouts/12853
66,Adrienne Rabena,EXPANSIVE FLEXIBILITY,https://www.alomoves.com/series/expansive-flexibility/workouts/8899
52,Koya Webb,ADVANCED STRENGTH VINYASA,https://www.alomoves.com/series/advanced-strength-vinyasa/workouts/9774
38,Briohny Smyth,DAY 6: HIGH ENERGY FLOW,https://www.alomoves.com/series/21-day-yoga-sweat/workouts/11574
51,Ashley Galvin,BEND AND BREATHE,https://www.alomoves.com/series/bend-and-breathe/workouts/10326
36,Caley Alyssa,CHILL: OPEN AND FREE,https://www.alomoves.com/series/power-and-chill-yoga/workouts/12226
40,Kayla Nielsen,WILD THING FLOW,https://www.alomoves.com/series/deepen-your-backbends/workouts/12273
32,Meghan Currie,SWEET AND SOUR,https://www.alomoves.com/series/sweet-and-sour/workouts/10611
35,Kayla Nielsen,DAY 13: BIRD OF PARADISE FLOW,https://www.alomoves.com/series/discover-your-splits/workouts/11759
45,Naya Rappaport,BRAHMACHARYA: CONSERVE YOUR ENERGY,https://www.alomoves.com/series/yamas-in-motion/workouts/11660
62,Dylan Werner,BEND MOBILITY,https://www.alomoves.com/series/bend-mobility/workouts/7450
52,Jonah Kest,MELT: YIN YOGA,https://www.alomoves.com/series/melt-yin-yoga/workouts/9776
48,Honza Lafond,YIN AND TONIC,https://www.alomoves.com/series/yin-and-tonic/workouts/10239
60,Jonah Kest,"LONG, SLOW, AND DEEP",https://www.alomoves.com/series/yin-ritual/workouts/10891
46,Jonah Kest,UNRAVEL,https://www.alomoves.com/series/yin-ritual/workouts/10887
54,Claudine Lafond,RESTORATION STATION,https://www.alomoves.com/series/restoration-station/workouts/10332
58,MC YOGI,GOOD VIBES,https://www.alomoves.com/series/mvmnt/workouts/10193
51,Abiola Akanni,HATHA MEDICINE,https://www.alomoves.com/series/hatha-medicine/workouts/9568
60,Ashley Galvin,FIRE IT UP,https://www.alomoves.com/series/fire-it-up/workouts/12026
36,Meghan Currie,AFTERGLOW,https://www.alomoves.com/series/afterglow/workouts/10590
32,Briohny Smyth,DE-STRESS THE DAY,https://www.alomoves.com/series/de-stress-the-day/workouts/11037
33,Caley Alyssa,NEW MOON FLOW,https://www.alomoves.com/series/new-moon-flow/workouts/11239
44,Dylan Werner,BUDDHA PALMS YOGA,https://www.alomoves.com/series/buddha-palms-yoga/workouts/9501
57,Melini Jesudason,TOTAL BODY DYNAMIC FLEXIBILITY FLOW,https://www.alomoves.com/series/total-body-dynamic-flexibility-flow/workouts/9668
45,Kayla Nielsen,CAMEL FLOW,https://www.alomoves.com/series/deepen-your-backbends/workouts/12261
34,Koya Webb,FINDING FOREARM STAND,https://www.alomoves.com/series/finding-forearm-stand/workouts/9777
0,Dylan Werner,SPIRAL MOMENTUM,https://www.alomoves.com/series/movement-rx/workouts/11380
35,Talia Sutra,BRIGHT,https://www.alomoves.com/series/bright/workouts/9808
